First_Name,Last_Name,SSN,Email_address,Phone,Address,City,state,zipcode,country
Carl,Rhodes,007-49-3902,wgarcia@hicks-harrington.org,331.464.1340x282,6334 Moreno Fall Apt. 835,Lake Sarahstad,Minnesota,72758,Liechtenstein
Chelsey,Jenkins,483-54-9461,joshuaramirez@montoya-payne.com,2498489705,1552 Sanders Station,Barnesville,Washington,35222,Korea
Alexander,Reilly,536-72-1889,christopherhenderson@gmail.com,+1-044-378-6441x35088,5353 Jasmine Courts,Serranoborough,Washington,43652,Belize
Shawn,Bell,498-99-3343,mullinsduane@bell-kelley.com,001-484-019-2678x718,542 Sara Avenue Apt. 577,Harrisonville,Missouri,11093,Pitcairn Islands
Jodi,Doyle,586-81-2413,mooresusan@gmail.com,985.187.9994x62859,103 Garza Knoll Suite 725,East Kevin,New York,93406,Iraq
Ronald,Gomez,105-78-1914,christian03@gmail.com,318.960.9577,04765 Harrison Inlet Suite 628,Jeffreyhaven,South Carolina,35031,Bouvet Island (Bouvetoya)
Robert,Davis,723-49-0998,paulmitchell@hotmail.com,114-181-4243x1961,3061 Wilson Fall,Larsonburgh,Tennessee,26455,Vanuatu
Sandra,Miller,591-56-8859,cassandra23@gmail.com,142.580.7574x95373,6005 Holmes Underpass Suite 101,New Lisa,Alaska,83554,Barbados
Joyce,Dixon,794-97-5776,rangelmargaret@gmail.com,(317)561-4949x658,00495 Peterson Branch Suite 365,Andersonstad,Minnesota,51655,Anguilla
Crystal,Gonzales,256-44-7433,davisnicole@gmail.com,001-892-920-9308x957,600 Sanchez Trail,Craigburgh,Oregon,82874,Haiti
John,Murillo,746-62-5239,tuckergabriel@carpenter.com,(532)639-0521,64513 Davis Extension Suite 361,Lake Stephanieberg,North Dakota,02353,Djibouti
Nicole,Thompson,253-03-8354,nathan35@hotmail.com,(177)375-7146x69168,72945 Taylor Pass Apt. 085,West Alex,Oregon,90490,Burundi
Robert,Mccoy,687-25-2730,johnsonmelvin@flores-sanders.org,(200)029-0895x8873,3643 Ford Prairie,North Tammyland,Wyoming,81041,Lao People's Democratic Republic
Patricia,Mitchell,120-50-9790,debrathomas@villa.net,001-176-975-6213x76702,3198 Tina Drive,South Linda,Kansas,33498,Guam
Joe,Schmidt,057-72-1905,mooretonya@gmail.com,001-610-151-5150x97778,3314 Romero Run,South Sandra,North Carolina,96470,Christmas Island
David,Rivers,519-98-1479,fgarza@hotmail.com,001-254-082-9390x019,7481 Porter Mission,Hughesburgh,Kansas,09588,Martinique
Anthony,Ramos,645-28-8918,eric60@hodges-peterson.net,001-613-547-5012x57670,3186 Gary Place Suite 290,Andersonton,Delaware,53666,Algeria
Julie,Barnett,685-75-9186,eric58@spencer-harding.com,(149)024-2708,98924 Bridget Villages,Jenniferport,Ohio,99725,Svalbard & Jan Mayen Islands
Amanda,Bennett,860-18-1982,hansonmichele@foster-moore.com,001-318-154-0935,010 Morales Rue Apt. 661,Loganberg,Arkansas,26574,Saint Pierre and Miquelon
Crystal,Harris,890-12-3192,colemanjeffrey@hotmail.com,808.787.3432x7970,00700 Ethan Fields Apt. 209,North Aaron,Montana,62990,Saint Pierre and Miquelon
Sharon,Dodson,204-44-3551,qwatson@hudson.com,+1-429-021-6089x359,1012 David Oval,Lake Donnafort,Connecticut,94811,Denmark
Kenneth,Meyer,320-91-5411,kristinefarmer@yahoo.com,1623571844,484 Mary Lake Suite 239,Stacieland,Washington,73335,Belize
Brian,Armstrong,311-73-7770,danielneal@yahoo.com,001-109-278-7724x737,8961 Rodriguez Light Suite 586,South Ryanstad,South Carolina,93785,Guinea-Bissau
Elizabeth,Martinez,830-57-6812,murrayrobin@gmail.com,166-657-6708,53916 Hurley Fort Apt. 959,East Rubenberg,Kansas,21028,Saint Vincent and the Grenadines
Louis,Johnson,848-29-5016,jeremy02@cook.net,830.121.8162x982,49935 Scott Walks Suite 204,New Brendanhaven,New York,69120,Botswana
Helen,Hale,746-22-7509,wmiller@dunn.com,566.366.1955x3227,3406 Chad Island,Jonesstad,Ohio,31112,Serbia
Angel,Douglas,570-99-4788,mcgeedavid@hotmail.com,001-570-010-4980x8901,24464 Perez Camp,Patriciaside,Minnesota,21663,Guyana
Keith,Patrick,784-69-6033,powersgregory@singleton-ayers.info,001-053-000-6552x681,891 Heather Island Suite 915,Jeremymouth,Florida,12477,Romania
Christina,Higgins,870-19-9984,huntdennis@yahoo.com,+1-137-397-7040x824,78062 Hunter Villages,Millerton,South Dakota,76156,Thailand
Joanna,Thompson,461-57-0909,hpeters@brown.com,492-048-4631x9067,437 Alexander Burg,Heathermouth,Mississippi,60483,Algeria
Patricia,Mcgee,481-73-1793,lisagardner@strickland-brown.info,001-233-844-5127x197,790 Suzanne Union Apt. 573,West Brandonbury,Illinois,18928,Vietnam
Ashley,Powell,756-74-3629,brandon42@noble.com,(915)619-3213x3812,4001 Michael Gardens Suite 129,Alexton,Washington,65686,Angola
Karen,Craig,132-09-0896,lauragross@yahoo.com,001-275-863-6917,762 Nicholas Mission Apt. 372,Cookbury,Idaho,27859,Dominica
William,Brown,147-90-5133,allisonhancock@anderson.net,001-790-221-7104x7033,052 Christopher Stravenue,Mezamouth,Oklahoma,33793,Romania
Elizabeth,Young,722-66-2908,justindavis@hotmail.com,001-028-593-5081,73283 Benjamin Haven Apt. 575,Hallburgh,Ohio,52345,Serbia
Shane,Woods,556-38-0690,deannapatton@allen.com,+1-975-169-5770,5427 Nathan Parkway,East Timothy,Tennessee,85770,Liberia
Leslie,Johnson,169-51-3373,kalvarez@hotmail.com,377-364-0033x03986,321 Guerrero Underpass Suite 662,North David,South Dakota,41986,Tajikistan
Billy,Miller,685-53-8782,margaretstafford@smith-mueller.com,450.669.1461,53423 Melissa Knolls,Zacharyfort,Iowa,40315,Moldova
Barbara,Kennedy,458-35-8908,jessicaramirez@hotmail.com,001-857-910-9759x6746,2580 Jessica Walk Apt. 270,Shannonbury,North Carolina,39443,Gibraltar
Sabrina,Berry,182-61-5130,alexandrastewart@cruz-mills.com,(017)162-1530x474,857 Howard Stravenue Suite 726,Matthewsmouth,New York,66106,Brunei Darussalam
Johnny,Carlson,620-44-5697,rburnett@yahoo.com,346-356-9936x94649,1326 Heather Points Apt. 535,Lisaview,New York,72179,Uganda
Carlos,Sanders,014-47-4692,josephelizabeth@hotmail.com,(978)435-8635,68579 Clark Island Apt. 538,North James,Indiana,40683,Angola
Virginia,Montes,086-61-9241,jessica30@gmail.com,789.865.7913x053,959 Cooper Harbor,Jasonport,North Dakota,61244,Bolivia
Gregory,Greene,111-01-2998,michaelsingh@hotmail.com,569.298.1384x62329,96876 Katherine Hollow,Dixonville,Illinois,20223,Palau
Tanner,Martin,181-80-8937,uward@martin-freeman.com,001-376-038-8346x81670,48897 Dana Burgs Suite 319,Johnsonview,Missouri,96891,Greece
Brian,Anderson,737-12-0947,melaniecooper@murphy-fowler.com,370-317-6757x9540,66349 Dodson Key Suite 521,South Leslie,South Dakota,40852,Syrian Arab Republic
Alex,Calderon,763-47-0518,kyle35@clark.com,001-723-990-5075x8866,94152 Moore Land Apt. 879,North Geraldbury,Kansas,92149,Portugal
Angela,Romero,492-39-1138,bmclean@chapman.com,(743)123-5090,80961 Alisha Pass,Moralestown,Kentucky,95775,Colombia
Zachary,Paul,041-30-0634,raymondkristen@gmail.com,001-366-119-4330x3603,236 Howard Forges,East Keith,Utah,68119,Belize
Robin,Tucker,554-99-9672,karcher@kent.com,(194)226-7083,65494 Wells Street Suite 483,Michaelview,Michigan,81575,Libyan Arab Jamahiriya
Robert,Brooks,867-25-8753,nmcmahon@hotmail.com,240.639.8987x76017,96799 Samantha Springs,Michelleview,Vermont,64328,Papua New Guinea
Shirley,Gilmore,730-73-2330,timothy03@shepherd.com,+1-479-980-0002,1774 Kathleen Rapid,Richardsonchester,Colorado,07676,Morocco
Andrew,Sparks,225-29-8401,dennis13@morris.com,(366)938-1764x82253,264 Osborne Crossroad Apt. 551,New Kimberly,Hawaii,09912,Panama
Kent,Smith,266-56-2295,bruceaustin@barron-taylor.com,+1-323-144-6482x020,60396 Le Crossing,West Jenniferland,Illinois,92698,Samoa
Anthony,Bennett,421-70-4023,vhines@hotmail.com,078.287.3029x05126,7739 Lawrence Square Suite 584,Heatherborough,Minnesota,18787,Finland
Christopher,Morgan,484-05-5112,changamanda@hotmail.com,0480399853,438 Jeffrey Causeway Suite 119,Mcdanielside,New York,86933,Benin
Sharon,Boyd,007-80-0675,nicholasray@hotmail.com,(312)049-2759x90177,1454 Carla Mission,West Alisonfort,Kentucky,65931,Liechtenstein
David,Diaz,380-93-8914,paige34@yahoo.com,248-926-7353x72954,71211 Ronald Light Apt. 874,Markhaven,Illinois,11118,French Guiana
Kristin,Gregory,416-78-0498,shaun23@gmail.com,(748)187-1708x1533,86229 Sellers Center,South Jason,Texas,71006,Japan
Maurice,Huffman,818-72-0555,usims@black.com,+1-142-596-3034x351,53991 Wu Village Apt. 708,Philipfort,Texas,62033,Lao People's Democratic Republic
Sierra,Ross,871-68-6489,zacharyturner@collins.org,(656)142-4728,4815 Mary Spur,North Alyssa,Colorado,87696,Costa Rica
Andrea,Ware,320-64-3106,nleonard@moore.info,+1-527-961-8123x8906,1750 Smith Meadow,East Bryan,Mississippi,13496,French Polynesia
Michelle,Lee,093-26-4186,dawsonchristopher@yahoo.com,+1-239-200-6719,01513 Brock Square Apt. 961,Port Derekland,Nebraska,23498,Belgium
Cassandra,Rose,229-39-5779,christopher86@cross.com,482-940-0678,260 Sharp Ramp,New Anthony,Minnesota,69749,Argentina
Angela,Franco,734-40-8966,gabrielmartinez@morales.com,001-266-180-0729,9210 Shelby Ferry,Bensonfort,Michigan,02041,Chile
Meghan,Lynch,181-65-6213,wellskelly@hotmail.com,296-837-7095x11227,7558 Sharon Forge Apt. 706,Dennistown,Delaware,65521,Cape Verde
Amanda,Walsh,313-28-7547,rebeccaandrade@hotmail.com,636.835.1028x08837,01338 Lam Inlet Suite 620,East Kevin,Tennessee,01354,Cameroon
Michael,Carter,861-39-0669,hopkinsscott@adams.net,(140)355-4047,3952 William Glen,Taylorland,New York,19450,Uruguay
Robin,Macdonald,404-29-8668,codygreen@hotmail.com,+1-610-067-3989x3046,58473 Carson Fords Suite 838,East Amy,Mississippi,47576,South Africa
Linda,Thompson,231-35-2634,jonesdanny@ortiz.com,306-329-9351,319 Graham Crescent Suite 047,Port Jesse,New Hampshire,98777,Zambia
Stanley,Anderson,485-62-8086,beth58@gmail.com,(642)654-3768x408,552 Ramsey Key Apt. 869,Justinmouth,Oklahoma,51578,Saint Martin
Nicole,Cooper,518-95-7559,hcruz@gmail.com,536.500.8839x9086,342 Sloan Tunnel,Port Carriefort,Alabama,34403,Madagascar
Amber,Wells,295-10-9234,paynelarry@gmail.com,537.123.5060x96844,7131 Peter Groves Apt. 671,North Michealborough,South Carolina,46814,Korea
Christina,Chambers,226-43-3967,floresmelissa@ryan.info,900-441-1148,4153 Best Highway Apt. 583,Anneville,Kansas,46519,Swaziland
Sydney,King,424-08-3530,samuel25@gmail.com,388-507-6268x35722,2321 Taylor Ridge Suite 191,Andrewsview,Nevada,98199,Netherlands Antilles
Andrea,Vincent,373-57-4309,maysean@gmail.com,974.056.4557x0907,9451 Abigail Divide,Garciachester,Louisiana,53459,Sudan
Cody,Newton,544-48-0357,jbrady@hotmail.com,199-188-4534,058 Cheryl Creek Suite 140,Robertchester,New Hampshire,26416,Russian Federation
Jennifer,Schmidt,347-24-4343,pgilbert@yahoo.com,517-275-0949x2915,03827 Nixon Mountains,Browningview,Florida,55234,Uzbekistan
Lindsay,Short,379-45-8042,olsonjohn@yahoo.com,(823)635-6467x0412,024 Collins Skyway Apt. 022,North Douglasmouth,Washington,73398,Saint Lucia
John,Martin,673-64-5163,scombs@miller.com,099.160.1258x47966,2231 Austin Village,South Hannah,Tennessee,30117,Nepal
Jack,Mack,132-94-5545,kingnicholas@smith.biz,001-604-609-5682x784,6145 Miller Motorway,New Christopherstad,Michigan,36675,Iraq
Joshua,Cooper,435-32-3870,sfitzgerald@cochran.com,001-554-052-1536x38950,3073 Brown Lake,East Gregory,South Dakota,99563,Turkey
Jodi,Ramsey,374-54-4619,nelsonsean@wilson-park.com,+1-903-890-1921x85340,4347 Leon Club Suite 161,Brownshire,Arkansas,29021,Vietnam
Jesus,Roberts,498-23-5055,joshuajohnson@johnson-anderson.com,119.791.2356x85988,043 Nicholson Rapid Suite 706,Port Rhondabury,Louisiana,06520,Togo
Colin,White,339-60-4374,zchan@schmitt-riddle.com,870-313-5934x56534,936 Megan Islands Apt. 853,Coxfurt,West Virginia,60478,Cote d'Ivoire
Karen,Jenkins,713-50-3590,eedwards@yahoo.com,441.567.8361x426,7286 Mayer Plain,New Kevin,North Carolina,07728,Sao Tome and Principe
Jeffrey,Mcmahon,041-39-7300,johnsonjeffery@yahoo.com,(485)378-8065x45120,0297 Mcknight Creek,Lake Rebeccaburgh,Arizona,96582,Saint Lucia
Mary,Spencer,435-01-3861,dannybenitez@tucker.info,636-894-9551,570 Mathews Vista,North Andrew,Alaska,44451,Greece
Veronica,Mitchell,539-56-7668,schambers@yahoo.com,372-858-6585,26119 Smith Lakes Apt. 685,Austinberg,Nevada,81638,Italy
Christopher,Lane,629-07-5863,matthewsbriana@jones.com,(945)425-8761,19222 Perry Oval,New Elizabeth,Montana,11667,Kyrgyz Republic
Erica,Juarez,326-70-5542,walterjones@hotmail.com,(301)359-6896,3645 Matthew Views,New Franciscobury,Montana,26394,Isle of Man
Jenna,Fernandez,744-91-9248,ccollins@holland-herrera.org,(554)625-2100,746 Heather Village,West John,Georgia,77562,Yemen
Andrew,Huynh,483-94-6097,hwright@jensen.com,309-024-3197x096,59914 Franklin Pass Apt. 458,Lake Maryland,New Jersey,68202,Liberia
John,James,487-63-1646,michaelpayne@gmail.com,001-361-375-8089x350,210 Wilson Center,North Walter,Delaware,78166,Zimbabwe
Jerry,Cabrera,873-31-5900,jperez@nicholson-baker.com,(928)947-5970x38119,26624 Bates Square Apt. 420,South Timothy,Kansas,30234,Chad
Kenneth,Vazquez,516-56-4425,gmedina@gmail.com,576.979.1965,09016 Jeremy Crossroad,Samanthashire,Kansas,87675,Palestinian Territory
Lisa,Barton,864-66-1054,dramirez@patel-thomas.com,+1-200-860-9528,941 Gilbert Throughway Apt. 448,South Brandon,New Hampshire,18181,Equatorial Guinea
Jerry,Schmidt,102-23-5547,margaretsimmons@henderson.com,+1-957-695-3545,8503 Caleb Parkways,Andrewfurt,Mississippi,60947,Serbia
Taylor,Obrien,005-67-1571,fletcherangela@edwards-carpenter.com,7643334345,145 Mathews Pine,North Jenniferburgh,Utah,24712,Madagascar
Rhonda,Farmer,163-46-0273,lisa68@valenzuela.com,+1-072-454-5945,5266 Gonzalez Spur Apt. 983,Justinshire,Montana,06581,United Kingdom
